,MAE,MSE,MAPE,R squared,RMSE
Test MLR,7274942.319593966,122264173305812.61,0.004024,0.990512709290595,11057313.114215976
Test RF,10886007.337499997,544141117436547.44,0.006185,0.9577764701753757,23326832.563306734
Test XGBoost,15104921.333333334,947533006978517.4,0.008574,0.9264746094387202,30782024.088394795
