,MAE,MSE,MAPE,R squared,RMSE
Train MLR,7818793.182169859,111014094920120.56,0.004342,0.9975408408148948,10536322.646925755
Train RF,7578028.385416637,179770762946637.56,0.004544,0.9960177586167622,13407861.982681563
Train XGBoost,1581105.6666666667,14091129707157.166,0.000809,0.9996878564737857,3753815.3533647824
